CLASS,CLASS_CODE,COMM_CODE,NAME,SECTOR,SRG,COMM_STRUCTURE,longitude,latitude,location
Residential,1,THS,TWINHILLS,EAST,DEVELOPING,BUILDING OUT,-113.87710975220665,51.045111353378694,"(51.045111353378694, -113.87710975220665)"
Residential,1,WIL,WILLOW PARK,SOUTH,BUILT-OUT,1960s/1970s,-114.05620363150967,50.95662292848714,"(50.95662292848714, -114.05620363150967)"
Residual Sub Area,4,05D,05D,NORTHEAST,N/A,UNDEVELOPED,-113.95866183876556,51.17959764644064,"(51.17959764644064, -113.95866183876556)"
Industrial,2,ST4,STONEY 4,NORTHEAST,N/A,EMPLOYMENT,-114.00276157771617,51.17620448693238,"(51.17620448693238, -114.00276157771617)"
Residential,1,PKH,PARKHILL,CENTRE,BUILT-OUT,1950s,-114.06555236114401,51.01818071993347,"(51.01818071993347, -114.06555236114401)"
Residential,1,PAT,PATTERSON,WEST,BUILT-OUT,1980s/1990s,-114.17704650860274,51.06383775082155,"(51.06383775082155, -114.17704650860274)"
Residential,1,RCK,ROSSCARROCK,WEST,BUILT-OUT,1950s,-114.14549516107789,51.04328023810093,"(51.04328023810093, -114.14549516107789)"
Residential,1,ACA,ACADIA,SOUTH,BUILT-OUT,1960s/1970s,-114.05370183693996,50.97240723913144,"(50.97240723913144, -114.05370183693996)"
Residential,1,SHS,SHAWNEE SLOPES,SOUTH,BUILT-OUT,1980s/1990s,-114.08581284371573,50.92619074705699,"(50.92619074705699, -114.08581284371573)"
Residential,1,MAC,MACEWAN GLEN,NORTH,BUILT-OUT,1980s/1990s,-114.11522702701743,51.137719577768095,"(51.137719577768095, -114.11522702701743)"
Residential,1,EPK,ELBOW PARK,CENTRE,BUILT-OUT,INNER CITY,-114.08384363368157,51.02136385153772,"(51.02136385153772, -114.08384363368157)"
Residential,1,GBK,GLENBROOK,WEST,BUILT-OUT,1950s,-114.15268633347658,51.02421640005991,"(51.02421640005991, -114.15268633347658)"
Industrial,2,GPI,GREAT PLAINS,EAST,N/A,EMPLOYMENT,-113.93993754573954,50.98691692161103,"(50.98691692161103, -113.93993754573954)"
Residential,1,KSH,KEYSTONE HILLS,NORTH,DEVELOPING,BUILDING OUT,-114.02637799325638,51.17955925071651,"(51.17955925071651, -114.02637799325638)"
Residual Sub Area,4,13J,13J,SOUTH,N/A,UNDEVELOPED,-114.08826991722357,50.87034221972932,"(50.87034221972932, -114.08826991722357)"
Residential,1,ROC,ROCKY RIDGE,NORTHWEST,DEVELOPING,BUILDING OUT,-114.24589457960128,51.14650368915127,"(51.14650368915127, -114.24589457960128)"
Residential,1,DNW,DOWNTOWN WEST END,CENTRE,BUILT-OUT,CENTRE CITY,-114.08778794453976,51.047966240305676,"(51.047966240305676, -114.08778794453976)"
Residential,1,DRG,DEER RIDGE,SOUTH,BUILT-OUT,1980s/1990s,-114.02023253594653,50.92657268855645,"(50.92657268855645, -114.02023253594653)"
Industrial,2,GRI,GREENVIEW INDUSTRIAL PARK,CENTRE,N/A,EMPLOYMENT,-114.04703822483798,51.088777449691364,"(51.088777449691364, -114.04703822483798)"
Industrial,2,ESH,EAST SHEPARD INDUSTRIAL,SOUTHEAST,N/A,EMPLOYMENT,-113.95095652714934,50.95125177971247,"(50.95125177971247, -113.95095652714934)"
Residential,1,ERL,ERLTON,CENTRE,BUILT-OUT,INNER CITY,-114.06314254063987,51.02632870101975,"(51.02632870101975, -114.06314254063987)"
Residential,1,SIL,SILVER SPRINGS,NORTHWEST,BUILT-OUT,1960s/1970s,-114.19498032520676,51.10776053326188,"(51.10776053326188, -114.19498032520676)"
Residential,1,SIG,SIGNAL HILL,WEST,BUILT-OUT,1980s/1990s,-114.17923684678584,51.02287059140347,"(51.02287059140347, -114.17923684678584)"
Residential,1,WWO,WOLF WILLOW,SOUTH,DEVELOPING,BUILDING OUT,-114.00863678779113,50.870724299120106,"(50.870724299120106, -114.00863678779113)"
Residential,1,RMT,ROSEMONT,CENTRE,BUILT-OUT,1950s,-114.08977710502192,51.07757366142492,"(51.07757366142492, -114.08977710502192)"
Residential,1,SHG,SHAGANAPPI,CENTRE,BUILT-OUT,1950s,-114.12665283072309,51.04521078442156,"(51.04521078442156, -114.12665283072309)"
Residential,1,SSW,SCARBORO/ SUNALTA WEST,CENTRE,BUILT-OUT,1950s,-114.11486375222556,51.04219571483633,"(51.04219571483633, -114.11486375222556)"
Residential,1,CGR,COUGAR RIDGE,WEST,DEVELOPING,2000s,-114.2090873062229,51.0718727383868,"(51.0718727383868, -114.2090873062229)"
Residential,1,DAL,DALHOUSIE,NORTHWEST,BUILT-OUT,1960s/1970s,-114.15816225292134,51.10941401815588,"(51.10941401815588, -114.15816225292134)"
Residential,1,SNA,SUNALTA,CENTRE,BUILT-OUT,INNER CITY,-114.10145547071103,51.04295614648511,"(51.04295614648511, -114.10145547071103)"
Residential,1,TEM,TEMPLE,NORTHEAST,BUILT-OUT,1960s/1970s,-113.94676773063073,51.088795143698746,"(51.088795143698746, -113.94676773063073)"
Industrial,2,MNI,MANCHESTER INDUSTRIAL,CENTRE,N/A,EMPLOYMENT,-114.0572688673126,51.01326313732527,"(51.01326313732527, -114.0572688673126)"
Residual Sub Area,4,05G,05G,NORTHEAST,N/A,UNDEVELOPED,-113.9165003221115,51.13619284855831,"(51.13619284855831, -113.9165003221115)"
Residential,1,LEB,LEWISBURG,NORTH,DEVELOPING,BUILDING OUT,-114.03846384790074,51.18675838444553,"(51.18675838444553, -114.03846384790074)"
Industrial,2,SRI,SADDLE RIDGE INDUSTRIAL,NORTHEAST,N/A,EMPLOYMENT,-113.97572875231302,51.125189598723416,"(51.125189598723416, -113.97572875231302)"
Residential,1,ABB,ABBEYDALE,NORTHEAST,BUILT-OUT,2000s,-113.92779295314855,51.05951675803878,"(51.05951675803878, -113.92779295314855)"
Residential,1,KCA,KINCORA,NORTH,DEVELOPING,2000s,-114.13397078178302,51.16028503881335,"(51.16028503881335, -114.13397078178302)"
Residential,1,MPL,MAPLE RIDGE,SOUTH,BUILT-OUT,1960s/1970s,-114.03467627979583,50.95763881039962,"(50.95763881039962, -114.03467627979583)"
Residential,1,RIV,RIVERBEND,SOUTHEAST,BUILT-OUT,1980s/1990s,-114.01789667154301,50.97597827851269,"(50.97597827851269, -114.01789667154301)"
Residential,1,PKD,PARKDALE,CENTRE,BUILT-OUT,1950s,-114.13846052792802,51.05999950660549,"(51.05999950660549, -114.13846052792802)"
Residential,1,PIN,PINERIDGE,NORTHEAST,BUILT-OUT,1960s/1970s,-113.94676496367302,51.074260110899885,"(51.074260110899885, -113.94676496367302)"
Residential,1,HKS,HOTCHKISS,SOUTHEAST,DEVELOPING,BUILDING OUT,-113.89633107985992,50.914217519402925,"(50.914217519402925, -113.89633107985992)"
Industrial,2,CIA,CALGARY INTERNATIONAL AIRPORT,NORTHEAST,N/A,OTHER,-114.01235268222351,51.11685604671631,"(51.11685604671631, -114.01235268222351)"
Residential,1,DNE,DOWNTOWN EAST VILLAGE,CENTRE,BUILT-OUT,CENTRE CITY,-114.05081700333886,51.04706481724879,"(51.04706481724879, -114.05081700333886)"
Residential,1,EVE,EVERGREEN,SOUTH,DEVELOPING,BUILDING OUT,-114.11531632412755,50.91869978817107,"(50.91869978817107, -114.11531632412755)"
Residential,1,COV,COVENTRY HILLS,NORTH,BUILT-OUT,2000s,-114.05314852622811,51.164902994256124,"(51.164902994256124, -114.05314852622811)"
Residential,1,KIN,KINGSLAND,SOUTH,BUILT-OUT,1950s,-114.07735754619671,50.9868894118689,"(50.9868894118689, -114.07735754619671)"
Industrial,2,SAW,SOUTH AIRWAYS,NORTHEAST,N/A,EMPLOYMENT,-114.01784417781643,51.078233639593705,"(51.078233639593705, -114.01784417781643)"
Residential,1,FLN,FOREST LAWN,EAST,BUILT-OUT,1950s,-113.96993253997043,51.037846220403836,"(51.037846220403836, -113.96993253997043)"
Residential,1,MAN,MANCHESTER,CENTRE,BUILT-OUT,EMPLOYMENT,-114.06664318884445,51.006235388182105,"(51.006235388182105, -114.06664318884445)"
Residential,1,VIS,VISTA HEIGHTS,NORTHEAST,BUILT-OUT,1960s/1970s,-114.01772633461275,51.07193307995205,"(51.07193307995205, -114.01772633461275)"
Residential,1,APP,APPLEWOOD PARK,EAST,BUILT-OUT,2000s,-113.92786384075644,51.04498334035331,"(51.04498334035331, -113.92786384075644)"
Residential,1,SAD,SADDLE RIDGE,NORTHEAST,DEVELOPING,2000s,-113.94562255923033,51.13058009783413,"(51.13058009783413, -113.94562255923033)"
Residential,1,RDL,ROSEDALE,CENTRE,BUILT-OUT,INNER CITY,-114.0782001748593,51.062711688397286,"(51.062711688397286, -114.0782001748593)"
Residential,1,LMR,LOWER MOUNT ROYAL,CENTRE,BUILT-OUT,INNER CITY,-114.08650004594031,51.03648339366726,"(51.03648339366726, -114.08650004594031)"
Residential,1,CHK,CHINOOK PARK,SOUTH,BUILT-OUT,1950s,-114.0889934433757,50.983250258394634,"(50.983250258394634, -114.0889934433757)"
Residential,1,CPF,COPPERFIELD,SOUTHEAST,DEVELOPING,BUILDING OUT,-113.92944621234007,50.91781034817763,"(50.91781034817763, -113.92944621234007)"
Residential,1,VAR,VARSITY,NORTHWEST,BUILT-OUT,1960s/1970s,-114.16261596022159,51.09600926169319,"(51.09600926169319, -114.16261596022159)"
Residual Sub Area,4,10E,10E,NORTHEAST,N/A,UNDEVELOPED,-113.91622332321279,51.08145361994402,"(51.08145361994402, -113.91622332321279)"
Residential,1,WHL,WEST HILLHURST,CENTRE,BUILT-OUT,INNER CITY,-114.11515880125928,51.05505956052342,"(51.05505956052342, -114.11515880125928)"
Residential,1,COR,CORAL SPRINGS,NORTHEAST,BUILT-OUT,2000s,-113.92682720806688,51.103352912026196,"(51.103352912026196, -113.92682720806688)"
Residential,1,WLD,WILDWOOD,WEST,BUILT-OUT,1950s,-114.15852159692459,51.05825122480902,"(51.05825122480902, -114.15852159692459)"
Residential,1,MOP,MOUNT PLEASANT,CENTRE,BUILT-OUT,INNER CITY,-114.07670077287806,51.074241233619155,"(51.074241233619155, -114.07670077287806)"
Industrial,2,RYV,ROYAL VISTA,NORTHWEST,N/A,,-114.20419501926632,51.14943188603309,"(51.14943188603309, -114.20419501926632)"
Residual Sub Area,4,12A,12A,SOUTHEAST,N/A,UNDEVELOPED,-113.89321161859678,50.96507970149796,"(50.96507970149796, -113.89321161859678)"
Residential,1,HPK,HIGHLAND PARK,CENTRE,BUILT-OUT,1950s,-114.06206689800091,51.0880232734306,"(51.0880232734306, -114.06206689800091)"
Residential,1,SPH,SPRINGBANK HILL,WEST,DEVELOPING,BUILDING OUT,-114.20845368279741,51.026835148900474,"(51.026835148900474, -114.20845368279741)"
Residential,1,BNK,BANKVIEW,CENTRE,BUILT-OUT,INNER CITY,-114.10094728849776,51.03413275094789,"(51.03413275094789, -114.10094728849776)"
Residential,1,BRE,BRENTWOOD,NORTHWEST,BUILT-OUT,1960s/1970s,-114.13246381166202,51.0966539228665,"(51.0966539228665, -114.13246381166202)"
Industrial,2,SUN,SUNRIDGE,NORTHEAST,N/A,EMPLOYMENT,-113.99170150572233,51.07422335010571,"(51.07422335010571, -113.99170150572233)"
Residual Sub Area,4,02L,02L,NORTH,N/A,UNDEVELOPED,-114.1179455753532,51.19773367470223,"(51.19773367470223, -114.1179455753532)"
Residential,1,CED,CEDARBRAE,SOUTH,BUILT-OUT,1960s/1970s,-114.12961609228238,50.95715461568144,"(50.95715461568144, -114.12961609228238)"
Residential,1,SDC,SUNDANCE,SOUTH,BUILT-OUT,1980s/1990s,-114.04204636044557,50.90155597003028,"(50.90155597003028, -114.04204636044557)"
Residential,1,RAN,RANCHLANDS,NORTHWEST,BUILT-OUT,1960s/1970s,-114.18359308034287,51.119161569219955,"(51.119161569219955, -114.18359308034287)"
Residential,1,POI,POINT MCKAY,CENTRE,BUILT-OUT,1960s/1970s,-114.14614307110618,51.05954039239422,"(51.05954039239422, -114.14614307110618)"
Residential,1,VAL,VALLEY RIDGE,WEST,BUILT-OUT,2000s,-114.25116270229248,51.095367366980504,"(51.095367366980504, -114.25116270229248)"
Residential,1,GDL,GLENDALE,WEST,BUILT-OUT,1950s,-114.15274018051606,51.03337921396137,"(51.03337921396137, -114.15274018051606)"
Residual Sub Area,4,01C,01C,WEST,N/A,UNDEVELOPED,-114.23802542883647,51.08500751043376,"(51.08500751043376, -114.23802542883647)"
Industrial,2,SFH,SOUTH FOOTHILLS,SOUTHEAST,N/A,EMPLOYMENT,-113.9736452441096,50.971272325266014,"(50.971272325266014, -113.9736452441096)"
Residential,1,FAI,FAIRVIEW,SOUTH,BUILT-OUT,1950s,-114.06079407119667,50.98514913396484,"(50.98514913396484, -114.06079407119667)"
Residential,1,FAL,FALCONRIDGE,NORTHEAST,BUILT-OUT,1980s/1990s,-113.94670914858403,51.10329937607157,"(51.10329937607157, -113.94670914858403)"
Residential,1,RED,RED CARPET,EAST,BUILT-OUT,1960s/1970s,-113.93877011380752,51.04251640738645,"(51.04251640738645, -113.93877011380752)"
Residential,1,RUT,RUTLAND PARK,WEST,BUILT-OUT,1950s,-114.13354361828102,51.021879896159035,"(51.021879896159035, -114.13354361828102)"
Residential,1,GRE,GREENWOOD/GREENBRIAR,NORTHWEST,BUILT-OUT,1960s/1970s,-114.22285852185331,51.08997153609622,"(51.08997153609622, -114.22285852185331)"
Residential,1,BED,BEDDINGTON HEIGHTS,NORTH,BUILT-OUT,1960s/1970s,-114.08502139544244,51.13163280873361,"(51.13163280873361, -114.08502139544244)"
Residential,1,KEL,KELVIN GROVE,SOUTH,BUILT-OUT,1960s/1970s,-114.08925799310578,50.98981959654206,"(50.98981959654206, -114.08925799310578)"
Residential,1,CAM,CAMBRIAN HEIGHTS,CENTRE,BUILT-OUT,1950s,-114.0870992091203,51.084593832377216,"(51.084593832377216, -114.0870992091203)"
Industrial,2,ST2,STONEY 2,NORTHEAST,N/A,EMPLOYMENT,-114.0172184485419,51.14338676461851,"(51.14338676461851, -114.0172184485419)"
Residual Sub Area,4,09K,09K,EAST,N/A,UNDEVELOPED,-113.91668044722059,50.99421709665664,"(50.99421709665664, -113.91668044722059)"
Residual Sub Area,4,02E,02E,NORTHWEST,N/A,OTHER,-114.19943703174917,51.161434401104025,"(51.161434401104025, -114.19943703174917)"
Residual Sub Area,4,13I,13I,SOUTH,N/A,UNDEVELOPED,-114.09966915641115,50.89177353309747,"(50.89177353309747, -114.09966915641115)"
Residual Sub Area,4,13M,13M,SOUTH,N/A,UNDEVELOPED,-114.04275384145087,50.85623929308946,"(50.85623929308946, -114.04275384145087)"
Residential,1,MRL,MARLBOROUGH,NORTHEAST,BUILT-OUT,1960s/1970s,-113.96998769992162,51.05954596806952,"(51.05954596806952, -113.96998769992162)"
Residential,1,HAM,HAMPTONS,NORTHWEST,BUILT-OUT,2000s,-114.14673720673531,51.14510638647505,"(51.14510638647505, -114.14673720673531)"
Residual Sub Area,4,05F,05F,NORTHEAST,N/A,UNDEVELOPED,-113.9164930819886,51.14703525408642,"(51.14703525408642, -113.9164930819886)"
Residential,1,SOW,SOUTHWOOD,SOUTH,BUILT-OUT,1960s/1970s,-114.08317550036628,50.95777325848525,"(50.95777325848525, -114.08317550036628)"
Residual Sub Area,4,09H,09H,EAST,N/A,UNDEVELOPED,-114.01538890719765,51.006365659346955,"(51.006365659346955, -114.01538890719765)"
Residential,1,MCT,MCKENZIE TOWNE,SOUTHEAST,DEVELOPING,BUILDING OUT,-113.96147703565016,50.917135741828126,"(50.917135741828126, -113.96147703565016)"
Residential,1,SKR,SKYVIEW RANCH,NORTHEAST,DEVELOPING,2000s,-113.95837458480817,51.15612608019934,"(51.15612608019934, -113.95837458480817)"
Residential,1,NHV,NORTH HAVEN,NORTH,BUILT-OUT,1960s/1970s,-114.08794102402483,51.09700466898228,"(51.09700466898228, -114.08794102402483)"
Residential,1,MEA,MEADOWLARK PARK,CENTRE,BUILT-OUT,1950s,-114.07735543771308,50.99783311896236,"(50.99783311896236, -114.07735543771308)"
Residual Sub Area,4,12B,12B,SOUTHEAST,N/A,UNDEVELOPED,-113.89868667297877,50.939230705499455,"(50.939230705499455, -113.89868667297877)"
Industrial,2,STD,STARFIELD,EAST,N/A,EMPLOYMENT,-113.9400360426486,51.00143800111959,"(51.00143800111959, -113.9400360426486)"
Residential,1,CRM,CRESTMONT,WEST,BUILT-OUT,2000s,-114.26048635972535,51.08505774187051,"(51.08505774187051, -114.26048635972535)"
Residential,1,RAM,RAMSAY,CENTRE,BUILT-OUT,INNER CITY,-114.04382908803403,51.03596226692984,"(51.03596226692984, -114.04382908803403)"
Industrial,2,MCI,MCCALL,NORTHEAST,N/A,EMPLOYMENT,-114.02709626476407,51.088997511301585,"(51.088997511301585, -114.02709626476407)"
Residential,1,MOR,MONTEREY PARK,NORTHEAST,BUILT-OUT,2000s,-113.92687143658542,51.081459900408944,"(51.081459900408944, -113.92687143658542)"
Residential,1,CRE,CRESCENT HEIGHTS,CENTRE,BUILT-OUT,INNER CITY,-114.06161236711542,51.05952005000434,"(51.05952005000434, -114.06161236711542)"
Residential,1,DDG,DOUGLASDALE/GLEN,SOUTHEAST,BUILT-OUT,1980s/1990s,-114.01190542300965,50.948445478822656,"(50.948445478822656, -114.01190542300965)"
Residential,1,COA,COACH HILL,WEST,BUILT-OUT,1980s/1990s,-114.18294119097922,51.05834577559737,"(51.05834577559737, -114.18294119097922)"
Residual Sub Area,4,12I,12I,SOUTHEAST,N/A,UNDEVELOPED,-113.93597298308511,50.85443507638309,"(50.85443507638309, -113.93597298308511)"
Residual Sub Area,4,01F,01F,NORTHWEST,N/A,UNDEVELOPED,-114.26336586209557,51.119618566466585,"(51.119618566466585, -114.26336586209557)"
Residential,1,NGM,NORTH GLENMORE PARK,WEST,BUILT-OUT,1950s,-114.11224633763486,51.00142238710429,"(51.00142238710429, -114.11224633763486)"
Residential,1,SVO,SILVERADO,SOUTH,DEVELOPING,BUILDING OUT,-114.071945078916,50.88507558251826,"(50.88507558251826, -114.071945078916)"
Residential,1,GAW,GARRISON WOODS,CENTRE,BUILT-OUT,INNER CITY,-114.11361930975092,51.01718799908114,"(51.01718799908114, -114.11361930975092)"
Industrial,2,NAW,NORTH AIRWAYS,NORTHEAST,N/A,EMPLOYMENT,-114.01087979018388,51.08714028015242,"(51.08714028015242, -114.01087979018388)"
Residential,1,HAR,HARVEST HILLS,NORTH,BUILT-OUT,1980s/1990s,-114.05277891771084,51.14767573879288,"(51.14767573879288, -114.05277891771084)"
Residential,1,MAF,MAYFAIR,CENTRE,BUILT-OUT,1950s,-114.08895907698314,50.99580408506277,"(50.99580408506277, -114.08895907698314)"
Residual Sub Area,4,13C,13C,SOUTH,N/A,UNDEVELOPED,-114.1749942322362,50.91411325598183,"(50.91411325598183, -114.1749942322362)"
Residential,1,ALP,ALPINE PARK,SOUTH,DEVELOPING,BUILDING OUT,-114.1465381093008,50.91703683139524,"(50.91703683139524, -114.1465381093008)"
Residential,1,HSD,HOMESTEAD,NORTHEAST,DEVELOPING,BUILDING OUT,-113.91649848212349,51.12162979686169,"(51.12162979686169, -113.91649848212349)"
Residential,1,BOW,BOWNESS,NORTHWEST,BUILT-OUT,1950s,-114.18782043674996,51.08338655590769,"(51.08338655590769, -114.18782043674996)"
Residential,1,COU,COUNTRY HILLS,NORTH,BUILT-OUT,1980s/1990s,-114.07988460698446,51.143768799819036,"(51.143768799819036, -114.07988460698446)"
Residential,1,SPR,SPRUCE CLIFF,WEST,BUILT-OUT,1950s,-114.1364682339013,51.048197660944105,"(51.048197660944105, -114.1364682339013)"
Residential,1,MAL,MAYLAND HEIGHTS,NORTHEAST,BUILT-OUT,1960s/1970s,-114.01332446471902,51.06082753928298,"(51.06082753928298, -114.01332446471902)"
Residential,1,LEG,LEGACY,SOUTH,DEVELOPING,BUILDING OUT,-114.0059990060311,50.8576170329455,"(50.8576170329455, -114.0059990060311)"
Residential,1,TAR,TARADALE,NORTHEAST,DEVELOPING,2000s,-113.93400203223658,51.11794081688188,"(51.11794081688188, -113.93400203223658)"
Residential,1,CHR,CHRISTIE PARK,WEST,BUILT-OUT,1980s/1990s,-114.17590076057242,51.04084323218236,"(51.04084323218236, -114.17590076057242)"
Residential,1,BNF,BANFF TRAIL,CENTRE,BUILT-OUT,1950s,-114.11512117349157,51.074219159609505,"(51.074219159609505, -114.11512117349157)"
Residential,1,EAU,EAU CLAIRE,CENTRE,BUILT-OUT,CENTRE CITY,-114.07282264096536,51.053609045056454,"(51.053609045056454, -114.07282264096536)"
Residential,1,GAG,GARRISON GREEN,WEST,BUILT-OUT,BUILDING OUT,-114.1247387162515,51.00308656799571,"(51.00308656799571, -114.1247387162515)"
Industrial,2,OSH,OGDEN SHOPS,EAST,N/A,EMPLOYMENT,-114.00067643567031,50.99682996198852,"(50.99682996198852, -114.00067643567031)"
Residential,1,CAS,CASTLERIDGE,NORTHEAST,BUILT-OUT,1980s/1990s,-113.961029784231,51.10525737274135,"(51.10525737274135, -113.961029784231)"
Residual Sub Area,4,13G,13G,SOUTH,N/A,UNDEVELOPED,-114.14296730437272,50.895822449120296,"(50.895822449120296, -114.14296730437272)"
Residential,1,DNC,DOWNTOWN COMMERCIAL CORE,CENTRE,BUILT-OUT,CENTRE CITY,-114.06959026874493,51.04727013236215,"(51.04727013236215, -114.06959026874493)"
Residential,1,CIT,CITADEL,NORTHWEST,BUILT-OUT,1980s/1990s,-114.18385703460154,51.14451369638571,"(51.14451369638571, -114.18385703460154)"
Residential,1,CUR,CURRIE BARRACKS,WEST,BUILT-OUT,BUILDING OUT,-114.12476270519578,51.01584422592946,"(51.01584422592946, -114.12476270519578)"
Residential,1,BVD,BELVEDERE,EAST,DEVELOPING,BUILDING OUT,-113.90496384923675,51.037832172611516,"(51.037832172611516, -113.90496384923675)"
Residential,1,RSN,REDSTONE,NORTHEAST,DEVELOPING,BUILDING OUT,-113.95779546826952,51.17044661640313,"(51.17044661640313, -113.95779546826952)"
Residential,1,SSD,SUNNYSIDE,CENTRE,BUILT-OUT,INNER CITY,-114.07901665219794,51.05641941124692,"(51.05641941124692, -114.07901665219794)"
Residential,1,BYV,BAYVIEW,SOUTH,BUILT-OUT,1960s/1970s,-114.11397108792706,50.97463641412674,"(50.97463641412674, -114.11397108792706)"
Residential,1,DIS,DISCOVERY RIDGE,WEST,BUILT-OUT,2000s,-114.2165826654621,51.015482335131345,"(51.015482335131345, -114.2165826654621)"
Residential,1,CAN,CANYON MEADOWS,SOUTH,BUILT-OUT,1960s/1970s,-114.08158556505538,50.9422523010699,"(50.9422523010699, -114.08158556505538)"
Residual Sub Area,4,02F,02F,NORTHWEST,N/A,,-114.17507478941316,51.160012522429504,"(51.160012522429504, -114.17507478941316)"
Industrial,2,FVI,FAIRVIEW INDUSTRIAL,SOUTH,N/A,EMPLOYMENT,-114.06882760217579,50.986913395478645,"(50.986913395478645, -114.06882760217579)"
Residential,1,LKV,LAKEVIEW,WEST,BUILT-OUT,1960s/1970s,-114.12963410523801,50.99978065710527,"(50.99978065710527, -114.12963410523801)"
Major Park,3,COP,CANADA OLYMPIC PARK,WEST,N/A,OTHER,-114.217425649545,51.08078686808592,"(51.08078686808592, -114.217425649545)"
Residential,1,COL,COLLINGWOOD,NORTHWEST,BUILT-OUT,1950s,-114.10248697169781,51.08444184630204,"(51.08444184630204, -114.10248697169781)"
Residual Sub Area,4,01H,01H,WEST,N/A,UNDEVELOPED,-114.28068484035994,51.09104170938791,"(51.09104170938791, -114.28068484035994)"
Residential,1,SVR,SYMONS VALLEY RANCH,NORTH,DEVELOPING,BUILDING OUT,-114.13807726840868,51.18479925317111,"(51.18479925317111, -114.13807726840868)"
Residual Sub Area,4,01I,01I,WEST,N/A,UNDEVELOPED,-114.26084798313484,51.08016787165521,"(51.08016787165521, -114.26084798313484)"
Residential,1,BRI,BRIDLEWOOD,SOUTH,BUILT-OUT,2000s,-114.10972685384392,50.89945469209499,"(50.89945469209499, -114.10972685384392)"
Residential,1,OAK,OAKRIDGE,SOUTH,BUILT-OUT,1960s/1970s,-114.12960912992986,50.96973916390214,"(50.96973916390214, -114.12960912992986)"
Residential,1,HID,HIDDEN VALLEY,NORTH,BUILT-OUT,1980s/1990s,-114.1195988306011,51.1519170345778,"(51.1519170345778, -114.1195988306011)"
Residential,1,CLI,CLIFF BUNGALOW,CENTRE,BUILT-OUT,INNER CITY,-114.07489081955826,51.03392992166134,"(51.03392992166134, -114.07489081955826)"
Residential,1,MPK,MARLBOROUGH PARK,NORTHEAST,BUILT-OUT,1960s/1970s,-113.94671807456993,51.05969614580618,"(51.05969614580618, -113.94671807456993)"
Residential,1,RUN,RUNDLE,NORTHEAST,BUILT-OUT,1960s/1970s,-113.9700581150675,51.07424055938691,"(51.07424055938691, -113.9700581150675)"
Residential,1,RID,RIDEAU PARK,CENTRE,BUILT-OUT,INNER CITY,-114.07415849892848,51.02499848441825,"(51.02499848441825, -114.07415849892848)"
Residual Sub Area,4,12K,12K,SOUTHEAST,N/A,UNDEVELOPED,-113.91296218167535,50.975794960747905,"(50.975794960747905, -113.91296218167535)"
Residual Sub Area,4,06C,06C,WEST,N/A,UNDEVELOPED,-114.22727482732184,51.08448567021106,"(51.08448567021106, -114.22727482732184)"
Residential,1,HIL,HILLHURST,CENTRE,BUILT-OUT,INNER CITY,-114.09366092967078,51.05726814933771,"(51.05726814933771, -114.09366092967078)"
Residential,1,MRT,MARTINDALE,NORTHEAST,BUILT-OUT,1980s/1990s,-113.95838705672097,51.11791082650449,"(51.11791082650449, -113.95838705672097)"
Residual Sub Area,4,13F,13F,SOUTH,N/A,UNDEVELOPED,-114.17505237540155,50.89941527280274,"(50.89941527280274, -114.17505237540155)"
Residential,1,MCK,MCKENZIE LAKE,SOUTHEAST,BUILT-OUT,1980s/1990s,-113.98817744248794,50.914880959402716,"(50.914880959402716, -113.98817744248794)"
Residential,1,PEN,PENBROOKE MEADOWS,EAST,BUILT-OUT,1960s/1970s,-113.94752192377342,51.045862962128126,"(51.045862962128126, -113.94752192377342)"
Residential,1,SOC,SOUTH CALGARY,CENTRE,BUILT-OUT,INNER CITY,-114.1020696732049,51.02680338312989,"(51.02680338312989, -114.1020696732049)"
Major Park,3,GPK,GLENMORE PARK,SOUTH,N/A,PARKS,-114.1315355993587,50.99045569132287,"(50.99045569132287, -114.1315355993587)"
Residential,1,BLN,BELTLINE,CENTRE,BUILT-OUT,CENTRE CITY,-114.0551861089423,51.0374499480811,"(51.0374499480811, -114.0551861089423)"
Residential,1,EYA,ELBOYA,CENTRE,BUILT-OUT,1950s,-114.07362321431081,51.012992811700954,"(51.012992811700954, -114.07362321431081)"
Residential,1,STR,STRATHCONA PARK,WEST,BUILT-OUT,1980s/1990s,-114.17755512600881,51.04738835462988,"(51.04738835462988, -114.17755512600881)"
Industrial,2,PEG,PEGASUS,NORTHEAST,N/A,EMPLOYMENT,-114.00649804846557,51.094479377270666,"(51.094479377270666, -114.00649804846557)"
Residential,1,UND,UNIVERSITY DISTRICT,NORTHWEST,BUILT-OUT,OTHER,-114.14494935038472,51.07385742333148,"(51.07385742333148, -114.14494935038472)"
Industrial,2,EFV,EAST FAIRVIEW INDUSTRIAL,SOUTH,N/A,EMPLOYMENT,-114.03724287332832,50.984817189470874,"(50.984817189470874, -114.03724287332832)"
Residential,1,ARB,ARBOUR LAKE,NORTHWEST,BUILT-OUT,,-114.20769360286123,51.13258613113044,"(51.13258613113044, -114.20769360286123)"
Residential,1,LPK,LINCOLN PARK,WEST,BUILT-OUT,1950s,-114.12982273243547,51.010094693072745,"(51.010094693072745, -114.12982273243547)"
Residential,1,BLM,BELMONT,SOUTH,DEVELOPING,BUILDING OUT,-114.05528026129238,50.8687461630655,"(50.8687461630655, -114.05528026129238)"
Industrial,2,DBC,DEERFOOT BUSINESS CENTRE,NORTHEAST,N/A,EMPLOYMENT,-114.03832734398725,51.11210137731565,"(51.11210137731565, -114.03832734398725)"
Residential,1,EVN,EVANSTON,NORTH,DEVELOPING,BUILDING OUT,-114.1124526085679,51.17109537227937,"(51.17109537227937, -114.1124526085679)"
Residential,1,ERI,ERIN WOODS,EAST,BUILT-OUT,1980s/1990s,-113.96760581105323,51.02105046956184,"(51.02105046956184, -113.96760581105323)"
Industrial,2,GTI,GOLDEN TRIANGLE,EAST,N/A,EMPLOYMENT,-113.9875691830539,51.01151396051627,"(51.01151396051627, -113.9875691830539)"
Industrial,2,SKE,SKYLINE EAST,NORTHEAST,N/A,EMPLOYMENT,-114.03892931817148,51.10015013913072,"(51.10015013913072, -114.03892931817148)"
Industrial,2,SGL,STONEGATE LANDING,NORTHEAST,N/A,EMPLOYMENT,-113.98668170973193,51.1644703850525,"(51.1644703850525, -113.98668170973193)"
Residential,1,MLR,MILLRISE,SOUTH,BUILT-OUT,1980s/1990s,-114.0849065373611,50.917044642122136,"(50.917044642122136, -114.0849065373611)"
Residential,1,HAW,HAWKWOOD,NORTHWEST,BUILT-OUT,1980s/1990s,-114.1756311943155,51.13097517490763,"(51.13097517490763, -114.1756311943155)"
Residential,1,SOM,SOMERSET,SOUTH,BUILT-OUT,1980s/1990s,-114.08131341555705,50.898707975762406,"(50.898707975762406, -114.08131341555705)"
Residual Sub Area,4,06B,06B,WEST,N/A,UNDEVELOPED,-114.22950383050403,51.07789620483404,"(51.07789620483404, -114.22950383050403)"
Residential,1,AUB,AUBURN BAY,SOUTHEAST,DEVELOPING,BUILDING OUT,-113.95847302066356,50.89259185873732,"(50.89259185873732, -113.95847302066356)"
Residual Sub Area,4,01K,01K,NORTHWEST,N/A,UNDEVELOPED,-114.22275942835957,51.168724389792594,"(51.168724389792594, -114.22275942835957)"
Industrial,2,VAF,VALLEYFIELD,EAST,N/A,EMPLOYMENT,-113.99834205911331,51.01141689885906,"(51.01141689885906, -113.99834205911331)"
Industrial,2,SHI,SHEPARD INDUSTRIAL,SOUTHEAST,N/A,EMPLOYMENT,-113.9927753437777,50.96147955906127,"(50.96147955906127, -113.9927753437777)"
Residual Sub Area,4,12C,12C,SOUTHEAST,N/A,UNDEVELOPED,-113.90343317684139,50.925093242931226,"(50.925093242931226, -113.90343317684139)"
Residual Sub Area,4,13A,13A,SOUTH,N/A,UNDEVELOPED,-114.19819284632769,50.91413662091694,"(50.91413662091694, -114.19819284632769)"
Residual Sub Area,4,03W,03W,NORTH,N/A,OTHER,-114.02476962843926,51.197967958347974,"(51.197967958347974, -114.02476962843926)"
Residential,1,CHA,CHAPARRAL,SOUTH,DEVELOPING,BUILDING OUT,-114.02564777593582,50.88460161516145,"(50.88460161516145, -114.02564777593582)"
Residential,1,CAR,CARRINGTON,NORTH,DEVELOPING,BUILDING OUT,-114.08173275077937,51.17887232376017,"(51.17887232376017, -114.08173275077937)"
Industrial,2,HOR,HORIZON,NORTHEAST,N/A,EMPLOYMENT,-113.99169814944118,51.08876467034347,"(51.08876467034347, -113.99169814944118)"
Residential,1,UMR,UPPER MOUNT ROYAL,CENTRE,BUILT-OUT,INNER CITY,-114.08502085016039,51.029972740351795,"(51.029972740351795, -114.08502085016039)"
Residential,1,CAP,CAPITOL HILL,CENTRE,BUILT-OUT,1950s,-114.09465000099681,51.07266624510559,"(51.07266624510559, -114.09465000099681)"
Residential,1,DRN,DEER RUN,SOUTH,BUILT-OUT,1980s/1990s,-114.00908859391622,50.92540842990192,"(50.92540842990192, -114.00908859391622)"
Major Park,3,FPK,FISH CREEK PARK,SOUTH,N/A,PARKS,-114.02652092583433,50.909602044237715,"(50.909602044237715, -114.02652092583433)"
Residual Sub Area,4,02B,02B,NORTH,N/A,UNDEVELOPED,-114.19939955328874,51.17603193831223,"(51.17603193831223, -114.19939955328874)"
Industrial,2,SKW,SKYLINE WEST,NORTH,N/A,EMPLOYMENT,-114.04739944342066,51.10333048511899,"(51.10333048511899, -114.04739944342066)"
Residential,1,PKL,PARKLAND,SOUTH,BUILT-OUT,1960s/1970s,-114.03129001164992,50.92339888876664,"(50.92339888876664, -114.03129001164992)"
Residential,1,WBN,WOODBINE,SOUTH,BUILT-OUT,1980s/1990s,-114.1296152823266,50.94134763593498,"(50.94134763593498, -114.1296152823266)"
Residential,1,SHW,SHERWOOD,NORTH,DEVELOPING,2000s,-114.15314133641519,51.16025346348022,"(51.16025346348022, -114.15314133641519)"
Residential,1,MID,MIDNAPORE,SOUTH,BUILT-OUT,1960s/1970s,-114.05572163238587,50.91390699194272,"(50.91390699194272, -114.05572163238587)"
Residential,1,KIL,KILLARNEY/GLENGARRY,CENTRE,BUILT-OUT,1950s,-114.13171374920387,51.03154803488337,"(51.03154803488337, -114.13171374920387)"
Residential,1,OGD,OGDEN,SOUTHEAST,BUILT-OUT,1950s,-114.01197411092885,50.989331497905965,"(50.989331497905965, -114.01197411092885)"
Residential,1,WAL,WALDEN,SOUTH,DEVELOPING,BUILDING OUT,-114.03258813223813,50.87040408676405,"(50.87040408676405, -114.03258813223813)"
Residential,1,SHN,SHAWNESSY,SOUTH,BUILT-OUT,1980s/1990s,-114.07375640828656,50.903310162181455,"(50.903310162181455, -114.07375640828656)"
Residential,1,DIA,DIAMOND COVE,SOUTH,BUILT-OUT,1980s/1990s,-114.02244390997681,50.945804511263965,"(50.945804511263965, -114.02244390997681)"
Residential,1,ALB,ALBERT PARK/RADISSON HEIGHTS,EAST,BUILT-OUT,1950s,-113.99678381391571,51.044541877637144,"(51.044541877637144, -113.99678381391571)"
Industrial,2,BUR,BURNS INDUSTRIAL,CENTRE,N/A,EMPLOYMENT,-114.03604444769383,51.00010320807093,"(51.00010320807093, -114.03604444769383)"
Residential,1,WHI,WHITEHORN,NORTHEAST,BUILT-OUT,1960s/1970s,-113.97006818347312,51.08877408014247,"(51.08877408014247, -113.97006818347312)"
Residential,1,SCA,SCARBORO,CENTRE,BUILT-OUT,INNER CITY,-114.10715353334118,51.04072461049355,"(51.04072461049355, -114.10715353334118)"
Major Park,3,NPK,NOSE HILL PARK,NORTHWEST,N/A,PARKS,-114.11158653321927,51.112488687563044,"(51.112488687563044, -114.11158653321927)"
Residential,1,LIV,LIVINGSTON,NORTH,DEVELOPING,BUILDING OUT,-114.06550168476973,51.18556510865544,"(51.18556510865544, -114.06550168476973)"
Residential,1,ALT,ALTADORE,CENTRE,BUILT-OUT,INNER CITY,-114.10185887615782,51.01595331908715,"(51.01595331908715, -114.10185887615782)"
Residential,1,CHN,CHINATOWN,CENTRE,BUILT-OUT,CENTRE CITY,-114.06253246308364,51.0508587163953,"(51.0508587163953, -114.06253246308364)"
Residential,1,QLD,QUEENSLAND,SOUTH,BUILT-OUT,1960s/1970s,-114.02301894381611,50.93851608265692,"(50.93851608265692, -114.02301894381611)"
Industrial,2,HIF,HIGHFIELD,CENTRE,N/A,EMPLOYMENT,-114.03720851941932,51.01829685764215,"(51.01829685764215, -114.03720851941932)"
Residential,1,GLR,GLACIER RIDGE,NORTH,DEVELOPING,,-114.1683297388547,51.19042717631569,"(51.19042717631569, -114.1683297388547)"
Residual Sub Area,4,06A,06A,WEST,N/A,UNDEVELOPED,-114.22953869988052,51.05887315839214,"(51.05887315839214, -114.22953869988052)"
Residual Sub Area,4,09P,09P,EAST,N/A,UNDEVELOPED,-113.88865669065787,51.02693042583673,"(51.02693042583673, -113.88865669065787)"
Residual Sub Area,4,09O,09O,EAST,N/A,UNDEVELOPED,-113.8930105838673,51.055538077429134,"(51.055538077429134, -113.8930105838673)"
Residential,1,SCE,SCENIC ACRES,NORTHWEST,BUILT-OUT,1980s/1990s,-114.21727826537216,51.11271029410524,"(51.11271029410524, -114.21727826537216)"
Residential,1,SOV,SOUTHVIEW,EAST,BUILT-OUT,1950s,-113.99733791756113,51.034156041566156,"(51.034156041566156, -113.99733791756113)"
Residential,1,PAL,PALLISER,SOUTH,BUILT-OUT,1960s/1970s,-114.11215094261998,50.96676799329345,"(50.96676799329345, -114.11215094261998)"
Residential,1,BRT,BRITANNIA,CENTRE,BUILT-OUT,1950s,-114.08632386309192,51.01267037859468,"(51.01267037859468, -114.08632386309192)"
Residential,1,PUM,PUMP HILL,SOUTH,BUILT-OUT,1960s/1970s,-114.10080054594026,50.966833097296984,"(50.966833097296984, -114.10080054594026)"
Residential,1,BRD,BRIDGELAND/RIVERSIDE,CENTRE,BUILT-OUT,INNER CITY,-114.03507442166087,51.050566015095384,"(51.050566015095384, -114.03507442166087)"
Residential,1,STA,ST. ANDREWS HEIGHTS,CENTRE,BUILT-OUT,1950s,-114.12741807028009,51.06390635974946,"(51.06390635974946, -114.12741807028009)"
Residential,1,PAN,PANORAMA HILLS,NORTH,DEVELOPING,BUILDING OUT,-114.08806596267952,51.159712816162234,"(51.159712816162234, -114.08806596267952)"
Residential,1,CHV,COUNTRY HILLS VILLAGE,NORTH,BUILT-OUT,2000s,-114.06139518766744,51.1582040072855,"(51.1582040072855, -114.06139518766744)"
Residential,1,RIC,RICHMOND,CENTRE,BUILT-OUT,1950s,-114.11842439597814,51.02970544420914,"(51.02970544420914, -114.11842439597814)"
Residential,1,NEB,NEW BRIGHTON,SOUTHEAST,DEVELOPING,BUILDING OUT,-113.94524596554852,50.92204755221944,"(50.92204755221944, -113.94524596554852)"
Residential,1,ROX,ROXBORO,CENTRE,BUILT-OUT,INNER CITY,-114.06762962107592,51.02634490774412,"(51.02634490774412, -114.06762962107592)"
Residual Sub Area,4,02K,02K,NORTH,N/A,UNDEVELOPED,-114.19945296242446,51.19055316346715,"(51.19055316346715, -114.19945296242446)"
Residential,1,UNI,UNIVERSITY HEIGHTS,NORTHWEST,BUILT-OUT,1960s/1970s,-114.13308105929043,51.07039342547688,"(51.07039342547688, -114.13308105929043)"
Residential,1,RVW,RANGEVIEW,SOUTHEAST,DEVELOPING,BUILDING OUT,-113.92371680679342,50.8741293416615,"(50.8741293416615, -113.92371680679342)"
Residential,1,LKB,LAKE BONAVISTA,SOUTH,BUILT-OUT,1960s/1970s,-114.05132309044367,50.93981210092444,"(50.93981210092444, -114.05132309044367)"
Residential,1,MON,MONTGOMERY,NORTHWEST,BUILT-OUT,1950s,-114.16226137579135,51.071099282049275,"(51.071099282049275, -114.16226137579135)"
Residual Sub Area,4,09D,09D,CENTRE,N/A,UNDEVELOPED,-114.0124284960559,51.01186242508167,"(51.01186242508167, -114.0124284960559)"
Residential,1,EDG,EDGEMONT,NORTHWEST,BUILT-OUT,1980s/1990s,-114.14394274641755,51.124577124411566,"(51.124577124411566, -114.14394274641755)"
Residual Sub Area,4,12J,12J,SOUTHEAST,N/A,UNDEVELOPED,-113.88344685879284,50.88357970445734,"(50.88357970445734, -113.88344685879284)"
Residual Sub Area,4,12L,12L,SOUTHEAST,N/A,UNDEVELOPED,-113.87152459361639,50.91435050715948,"(50.91435050715948, -113.87152459361639)"
Industrial,2,MLI,MAYLAND,NORTHEAST,N/A,EMPLOYMENT,-114.01029648486846,51.05239374433077,"(51.05239374433077, -114.01029648486846)"
Residential,1,BEL,BEL-AIRE,CENTRE,BUILT-OUT,1960s/1970s,-114.08894120539468,50.99944449541439,"(50.99944449541439, -114.08894120539468)"
Residential,1,ASP,ASPEN WOODS,WEST,DEVELOPING,BUILDING OUT,-114.20790071386324,51.04512921632106,"(51.04512921632106, -114.20790071386324)"
Residual Sub Area,4,13H,13H,SOUTH,N/A,UNDEVELOPED,-114.11658755903481,50.88851140996122,"(50.88851140996122, -114.11658755903481)"
Residential,1,HIW,HIGHWOOD,CENTRE,BUILT-OUT,1950s,-114.07990538622592,51.09235447310578,"(51.09235447310578, -114.07990538622592)"
Residential,1,YKV,YORKVILLE,SOUTH,DEVELOPING,BUILDING OUT,-114.07664758173642,50.87040344687566,"(50.87040344687566, -114.07664758173642)"
Residential,1,ING,INGLEWOOD,CENTRE,BUILT-OUT,INNER CITY,-114.02285028969476,51.03727090810661,"(51.03727090810661, -114.02285028969476)"
Industrial,2,WES,WESTWINDS,NORTHEAST,N/A,EMPLOYMENT,-113.97004175929052,51.103384268794265,"(51.103384268794265, -113.97004175929052)"
Residential,1,SET,SETON,SOUTHEAST,DEVELOPING,BUILDING OUT,-113.94744801247678,50.8737001025221,"(50.8737001025221, -113.94744801247678)"
Residential,1,HSN,HASKAYNE,NORTHWEST,DEVELOPING,BUILDING OUT,-114.28663168773647,51.11694347985106,"(51.11694347985106, -114.28663168773647)"
Industrial,2,FHI,FOOTHILLS,EAST,N/A,EMPLOYMENT,-113.98198198163203,50.99416609012027,"(50.99416609012027, -113.98198198163203)"
Residential,1,SGH,SAGE HILL,NORTH,DEVELOPING,BUILDING OUT,-114.14068323179569,51.17561127002888,"(51.17561127002888, -114.14068323179569)"
Residential,1,MDH,MEDICINE HILL,WEST,BUILT-OUT,2000s,-114.20005326702469,51.07929107796063,"(51.07929107796063, -114.20005326702469)"
Residential,1,ABT,AMBLETON,NORTH,DEVELOPING,BUILDING OUT,-114.11207075728163,51.18688436617133,"(51.18688436617133, -114.11207075728163)"
Industrial,2,FLI,FOREST LAWN INDUSTRIAL,EAST,N/A,EMPLOYMENT,-113.95697180643488,51.02711331625155,"(51.02711331625155, -113.95697180643488)"
Residential,1,WND,WINDSOR PARK,CENTRE,BUILT-OUT,1950s,-114.08354950733718,51.005040465360054,"(51.005040465360054, -114.08354950733718)"
Residential,1,PCK,PINE CREEK,SOUTH,DEVELOPING,BUILDING OUT,-114.06787924014992,50.85626272703566,"(50.85626272703566, -114.06787924014992)"
Industrial,2,GBP,GLENDEER BUSINESS PARK,SOUTH,N/A,EMPLOYMENT,-114.03029314161057,50.98900649077774,"(50.98900649077774, -114.03029314161057)"
Residential,1,GLA,GLAMORGAN,WEST,BUILT-OUT,1950s,-114.15286252879896,51.01551339157992,"(51.01551339157992, -114.15286252879896)"
Residual Sub Area,4,09Q,09Q,EAST,N/A,UNDEVELOPED,-113.93510502391973,51.02327506368899,"(51.02327506368899, -113.93510502391973)"
Residential,1,TUS,TUSCANY,NORTHWEST,BUILT-OUT,2000s,-114.24083757895015,51.121915889476504,"(51.121915889476504, -114.24083757895015)"
Residential,1,REN,RENFREW,CENTRE,BUILT-OUT,INNER CITY,-114.03917627658831,51.059656552864276,"(51.059656552864276, -114.03917627658831)"
Residential,1,HOU,HOUNSFIELD HEIGHTS/BRIAR HILL,CENTRE,BUILT-OUT,1950s,-114.10573024137548,51.06320293469569,"(51.06320293469569, -114.10573024137548)"
Residential,1,BRA,BRAESIDE,SOUTH,BUILT-OUT,1960s/1970s,-114.10635315605607,50.95599032588545,"(50.95599032588545, -114.10635315605607)"
Residual Sub Area,4,05E,05E,NORTHEAST,N/A,UNDEVELOPED,-113.92920994202798,51.179907895897244,"(51.179907895897244, -113.92920994202798)"
Residential,1,DOV,DOVER,EAST,BUILT-OUT,1960s/1970s,-113.99315075621521,51.0224653928558,"(51.0224653928558, -113.99315075621521)"
Industrial,2,ABP,AURORA BUSINESS PARK,NORTH,N/A,EMPLOYMENT,-114.05847560367306,51.136256491209984,"(51.136256491209984, -114.05847560367306)"
Residential,1,NHU,NORTH HAVEN UPPER,NORTH,BUILT-OUT,1960s/1970s,-114.08706276379075,51.103216351455245,"(51.103216351455245, -114.08706276379075)"
Industrial,2,S23,SECTION 23,SOUTHEAST,N/A,EMPLOYMENT,-113.9478030712967,50.97094156082695,"(50.97094156082695, -113.9478030712967)"
Residential,1,ROY,ROYAL OAK,NORTHWEST,BUILT-OUT,,-114.21974495234667,51.1426673911348,"(51.1426673911348, -114.21974495234667)"
Industrial,2,MER,MERIDIAN,NORTHEAST,N/A,EMPLOYMENT,-113.99651293997464,51.05658667218497,"(51.05658667218497, -113.99651293997464)"
Industrial,2,EFI,EASTFIELD,EAST,N/A,EMPLOYMENT,-113.9700728845272,51.01193780797441,"(51.01193780797441, -113.9700728845272)"
Residential,1,FHT,FOREST HEIGHTS,EAST,BUILT-OUT,1960s/1970s,-113.96877273424955,51.04923817041632,"(51.04923817041632, -113.96877273424955)"
Residential,1,TUX,TUXEDO PARK,CENTRE,BUILT-OUT,INNER CITY,-114.06104320410181,51.07424526651659,"(51.07424526651659, -114.06104320410181)"
Residential,1,GRV,GREENVIEW,CENTRE,BUILT-OUT,1960s/1970s,-114.05746611482517,51.09485595375043,"(51.09485595375043, -114.05746611482517)"
Residential,1,WGT,WESTGATE,WEST,BUILT-OUT,1950s,-114.15845717806926,51.04416023655495,"(51.04416023655495, -114.15845717806926)"
Residential,1,CNS,CORNERSTONE,NORTHEAST,DEVELOPING,2000s,-113.93058203535684,51.157369070418774,"(51.157369070418774, -113.93058203535684)"
Residential,1,MAH,MAHOGANY,SOUTHEAST,DEVELOPING,BUILDING OUT,-113.92452790587114,50.89595503998883,"(50.89595503998883, -113.92452790587114)"
Residual Sub Area,4,13E,13E,SOUTH,N/A,UNDEVELOPED,-114.19822487959897,50.89939473924469,"(50.89939473924469, -114.19822487959897)"
Industrial,2,ST1,STONEY 1,NORTH,N/A,EMPLOYMENT,-114.02471703353378,51.16118379741086,"(51.16118379741086, -114.02471703353378)"
Residual Sub Area,4,02C,02C,NORTH,N/A,UNDEVELOPED,-114.17667459134884,51.175901659020575,"(51.175901659020575, -114.17667459134884)"
Residential,1,HAY,HAYSBORO,SOUTH,BUILT-OUT,1950s,-114.08335093454583,50.97221692664152,"(50.97221692664152, -114.08335093454583)"
Residential,1,SAN,SANDSTONE VALLEY,NORTH,BUILT-OUT,1980s/1990s,-114.09495605533706,51.13773675598465,"(51.13773675598465, -114.09495605533706)"
Industrial,2,FRA,FRANKLIN,NORTHEAST,N/A,EMPLOYMENT,-113.98752469255201,51.058927289688896,"(51.058927289688896, -113.98752469255201)"
Residential,1,CHW,CHARLESWOOD,NORTHWEST,BUILT-OUT,1950s,-114.11786352623943,51.08456161142416,"(51.08456161142416, -114.11786352623943)"
Industrial,2,AYB,ALYTH/BONNYBROOK,CENTRE,N/A,EMPLOYMENT,-114.03049425327995,51.0273722066907,"(51.0273722066907, -114.03049425327995)"
Residential,1,HUN,HUNTINGTON HILLS,NORTH,BUILT-OUT,1960s/1970s,-114.0667011472206,51.117583908420535,"(51.117583908420535, -114.0667011472206)"
Residential,1,MIS,MISSION,CENTRE,BUILT-OUT,INNER CITY,-114.06632169398661,51.031090323799795,"(51.031090323799795, -114.06632169398661)"
Industrial,2,ST3,STONEY 3,NORTHEAST,N/A,EMPLOYMENT,-113.97583888586992,51.147032835680434,"(51.147032835680434, -113.97583888586992)"
Residual Sub Area,4,13L,13L,SOUTH,N/A,UNDEVELOPED,-114.05472575900367,50.8749946340277,"(50.8749946340277, -114.05472575900367)"
Residual Sub Area,4,10D,10D,NORTHEAST,N/A,UNDEVELOPED,-113.9160303874442,51.10335064477378,"(51.10335064477378, -113.9160303874442)"
Residential,1,EAG,EAGLE RIDGE,SOUTH,BUILT-OUT,1960s/1970s,-114.09930184675723,50.98508133313613,"(50.98508133313613, -114.09930184675723)"
Residual Sub Area,4,01B,01B,NORTHWEST,N/A,UNDEVELOPED,-114.24245531067179,51.102837628962696,"(51.102837628962696, -114.24245531067179)"
Residential,1,WIN,WINSTON HEIGHTS/MOUNTVIEW,CENTRE,BUILT-OUT,1950s,-114.04185722666399,51.075323847960604,"(51.075323847960604, -114.04185722666399)"
Residential,1,BDO,BONAVISTA DOWNS,SOUTH,BUILT-OUT,1960s/1970s,-114.03139762075935,50.943700716542395,"(50.943700716542395, -114.03139762075935)"
Residential,1,WSP,WEST SPRINGS,WEST,DEVELOPING,BUILDING OUT,-114.20616831875152,51.05973239845048,"(51.05973239845048, -114.20616831875152)"
Residential,1,CSC,CITYSCAPE,NORTHEAST,DEVELOPING,BUILDING OUT,-113.95838068523857,51.147029815092736,"(51.147029815092736, -113.95838068523857)"
Residential,1,QPK,QUEENS PARK VILLAGE,CENTRE,BUILT-OUT,1950s,-114.07760880424992,51.08514667909161,"(51.08514667909161, -114.07760880424992)"
Residential,1,UOC,UNIVERSITY OF CALGARY,NORTHWEST,BUILT-OUT,OTHER,-114.1299167839167,51.07501240644861,"(51.07501240644861, -114.1299167839167)"
Residential,1,CRA,CRANSTON,SOUTHEAST,DEVELOPING,BUILDING OUT,-113.97998880780847,50.87820533783318,"(50.87820533783318, -113.97998880780847)"
Residential,1,THO,THORNCLIFFE,NORTH,BUILT-OUT,1950s,-114.06877697721175,51.103099775816034,"(51.103099775816034, -114.06877697721175)"
Residential,1,NOL,NOLAN HILL,NORTH,DEVELOPING,BUILDING OUT,-114.16395793761632,51.175363661639985,"(51.175363661639985, -114.16395793761632)"
Residential,1,WOO,WOODLANDS,SOUTH,BUILT-OUT,1980s/1990s,-114.10633945400146,50.94287588247354,"(50.94287588247354, -114.10633945400146)"
